antecedents,consequents,antecedent support,consequent support,support,confidence,lift,representativity,leverage,conviction,zhangs_metric,jaccard,certainty,kulczynski
frozenset({'Google Phone'}),frozenset({'USB-C Charging Cable'}),0.030946497,0.122480203,0.005587406,0.180550525,1.474120067,1,0.001797073,1.070865043,0.331900359,0.037793783,0.066175512,0.113084688
frozenset({'Vareebadd Phone'}),frozenset({'USB-C Charging Cable'}),0.011572712,0.122480203,0.002062353,0.178208232,1.454996219,1,0.000644924,1.067812835,0.316374299,0.015625,0.063506293,0.097523242
frozenset({'iPhone'}),frozenset({'Lightning Charging Cable'}),0.038332857,0.121073544,0.005665865,0.147807018,1.220803591,1,0.00102477,1.031370211,0.188076943,0.036853425,0.030416053,0.097301954
frozenset({'Lightning Charging Cable'}),frozenset({'iPhone'}),0.121073544,0.038332857,0.005665865,0.046796889,1.220803591,1,0.00102477,1.008879569,0.205782196,0.036853425,0.008801416,0.097301954
frozenset({'USB-C Charging Cable'}),frozenset({'Google Phone'}),0.122480203,0.030946497,0.005587406,0.045618852,1.474120067,1,0.001797073,1.015373685,0.366520741,0.037793783,0.015140913,0.113084688
frozenset({'USB-C Charging Cable'}),frozenset({'Vareebadd Phone'}),0.122480203,0.011572712,0.002062353,0.016838252,1.454996219,1,0.000644924,1.005355721,0.356360041,0.015625,0.00532719,0.097523242
